{"CategoryName":"Default","Definition":{"Identifier":"5313fb5f-2dda-4766-bd0b-f1164320d32c","IsEnable":true,"Version":1.0,"IsArchived":false,"IsAutomatic":true,"Name":"Close This Alert","Category":1,"Description":"Closes the current alert","Priority":2,"Creator":"Admin","VersionCreator":null,"VersionComment":null,"OriginalWorkflowIdentifier":"5313fb5f-2dda-4766-bd0b-f1164320d32c","TemplateName":null,"PlaybookType":0,"IsDebugMode":false,"DebugBaseAlertIdentifier":null,"DebugAlertIdentifier":null,"SimulationClone":false,"Steps":[{"Identifier":"5472f4b7-e9c8-4097-8bee-b9d8e3097e8f","OriginalStepIdentifier":"5472f4b7-e9c8-4097-8bee-b9d8e3097e8f","ParentWorkflowIdentifier":"5313fb5f-2dda-4766-bd0b-f1164320d32c","ParentStepIdentifiers":[],"ParentStepIdentifier":"","PreviousResultCondition":null,"InstanceName":"Siemplify_CloseAlert_1","IsAutomatic":true,"Name":"Siemplify_Close Alert","IsSkippable":false,"Description":"Closes the current alert","ActionProvider":"Scripts","ActionName":"Siemplify_Close Alert","Type":0,"Integration":"Siemplify","Parameters":[{"ParentStepIdentifier":"5472f4b7-e9c8-4097-8bee-b9d8e3097e8f","ParentWorkflowIdentifier":"5313fb5f-2dda-4766-bd0b-f1164320d32c","Name":"FallbackIntegrationInstance","Value":"58a9c67a-d31d-4642-8e39-f423eb0887be","CreationTimeUnixTimeInMs":1624093687367,"ModificationTimeUnixTimeInMs":1624093687367},{"ParentStepIdentifier":"5472f4b7-e9c8-4097-8bee-b9d8e3097e8f","ParentWorkflowIdentifier":"5313fb5f-2dda-4766-bd0b-f1164320d32c","Name":"IntegrationInstance","Value":"AutomaticEnvironment","CreationTimeUnixTimeInMs":1624093687367,"ModificationTimeUnixTimeInMs":1624093687367},{"ParentStepIdentifier":"5472f4b7-e9c8-4097-8bee-b9d8e3097e8f","ParentWorkflowIdentifier":"5313fb5f-2dda-4766-bd0b-f1164320d32c","Name":"ScriptName","Value":"Siemplify_Close Alert","CreationTimeUnixTimeInMs":1624093687367,"ModificationTimeUnixTimeInMs":1624093687367},{"ParentStepIdentifier":"5472f4b7-e9c8-4097-8bee-b9d8e3097e8f","ParentWorkflowIdentifier":"5313fb5f-2dda-4766-bd0b-f1164320d32c","Name":"ScriptParametersEntityFields","Value":"{\"Reason\":\"NotMalicious\",\"Root Cause\":\"Other\",\"Comment\":\"Closing as this case is pending approvals.\",\"Assign To User\":\"\",\"Tags\":\"pending_approval\"}","CreationTimeUnixTimeInMs":1624093687367,"ModificationTimeUnixTimeInMs":1624093687367},{"ParentStepIdentifier":"5472f4b7-e9c8-4097-8bee-b9d8e3097e8f","ParentWorkflowIdentifier":"5313fb5f-2dda-4766-bd0b-f1164320d32c","Name":"SelectedScopeName","Value":"All entities","CreationTimeUnixTimeInMs":1624093687367,"ModificationTimeUnixTimeInMs":1624093687367}],"AutoSkipOnFailure":false,"IsDebugMockData":false,"StepDebugData":{"CreationTimeUnixTimeInMs":0,"ModificationTimeUnixTimeInMs":0,"OriginalWorkflowIdentifier":"5313fb5f-2dda-4766-bd0b-f1164320d32c","OriginalStepIdentifier":"5472f4b7-e9c8-4097-8bee-b9d8e3097e8f","ResultValue":"","ResultJson":"","ScopeEntitiesEnrichmentData":[],"ScopeEntitiesEnrichmentDataJson":"[]"},"CreationTimeUnixTimeInMs":1624093687367,"ModificationTimeUnixTimeInMs":1624093687367}],"Triggers":[{"Identifier":"26e7edbe-f1b4-49ec-909b-cc074485ac05","IsEnabled":true,"DefinitionIdentifier":"5313fb5f-2dda-4766-bd0b-f1164320d32c","Type":10,"WorkflowName":null,"LogicalOperator":0,"Conditions":[{"FieldName":"manual","Value":"true","MatchType":0}],"Environments":["*"],"Id":0,"CreationTimeUnixTimeInMs":1624093687367,"ModificationTimeUnixTimeInMs":1624093687367}],"Environments":["*"],"Id":0,"CreationTimeUnixTimeInMs":1624093687367,"ModificationTimeUnixTimeInMs":1624093687367}}