{"CategoryName":"Default","Definition":{"Identifier":"bb21c4a5-b74e-485a-a0a6-6304f760a606","IsEnable":true,"Version":0.0,"IsArchived":false,"IsAutomatic":true,"Name":"Customer Escalation","Category":1,"Description":"An example playbook that shows a customer escalation use-case, which requires approval if the alert priority is critical.","Priority":2,"Creator":"Admin","VersionCreator":null,"VersionComment":null,"OriginalWorkflowIdentifier":"d77b5ced-3046-408f-8412-5e1bf0ec90a9","TemplateName":null,"PlaybookType":0,"IsDebugMode":false,"DebugBaseAlertIdentifier":null,"DebugAlertIdentifier":null,"SimulationClone":false,"Steps":[{"Identifier":"038629eb-7c0b-446f-92ec-07e5c1461247","OriginalStepIdentifier":"a7e26f0c-7033-4602-a00d-5d10b8b52691","ParentWorkflowIdentifier":"bb21c4a5-b74e-485a-a0a6-6304f760a606","ParentStepIdentifiers":["8ea9b95c-6831-434d-a666-43508038f9e6"],"ParentStepIdentifier":"8ea9b95c-6831-434d-a666-43508038f9e6","PreviousResultCondition":"{}","InstanceName":"SendEmail_2","IsAutomatic":true,"Name":"Siemplify_Case Comment","IsSkippable":false,"Description":"This is where you would have an email action to send the escalation to the customer","ActionProvider":"Scripts","ActionName":"Siemplify_Case Comment","Type":0,"Integration":"Siemplify","Parameters":[{"ParentStepIdentifier":"038629eb-7c0b-446f-92ec-07e5c1461247","ParentWorkflowIdentifier":"bb21c4a5-b74e-485a-a0a6-6304f760a606","Name":"FallbackIntegrationInstance","Value":"58a9c67a-d31d-4642-8e39-f423eb0887be","CreationTimeUnixTimeInMs":1624114547977,"ModificationTimeUnixTimeInMs":1624114603835},{"ParentStepIdentifier":"038629eb-7c0b-446f-92ec-07e5c1461247","ParentWorkflowIdentifier":"bb21c4a5-b74e-485a-a0a6-6304f760a606","Name":"IntegrationInstance","Value":"AutomaticEnvironment","CreationTimeUnixTimeInMs":1624114547977,"ModificationTimeUnixTimeInMs":1624114603835},{"ParentStepIdentifier":"038629eb-7c0b-446f-92ec-07e5c1461247","ParentWorkflowIdentifier":"bb21c4a5-b74e-485a-a0a6-6304f760a606","Name":"ScriptName","Value":"Siemplify_Case Comment","CreationTimeUnixTimeInMs":1624114547977,"ModificationTimeUnixTimeInMs":1624114603835},{"ParentStepIdentifier":"038629eb-7c0b-446f-92ec-07e5c1461247","ParentWorkflowIdentifier":"bb21c4a5-b74e-485a-a0a6-6304f760a606","Name":"ScriptParametersEntityFields","Value":"{\"Comment\":\"This is a placeholder where you would have an email action to send the escalation to the customer\"}","CreationTimeUnixTimeInMs":1624114547977,"ModificationTimeUnixTimeInMs":1624114603835},{"ParentStepIdentifier":"038629eb-7c0b-446f-92ec-07e5c1461247","ParentWorkflowIdentifier":"bb21c4a5-b74e-485a-a0a6-6304f760a606","Name":"SelectedScopeName","Value":"All entities","CreationTimeUnixTimeInMs":1624114547977,"ModificationTimeUnixTimeInMs":1624114603835}],"AutoSkipOnFailure":false,"IsDebugMockData":false,"StepDebugData":null,"CreationTimeUnixTimeInMs":1624114602435,"ModificationTimeUnixTimeInMs":1624114603835},{"Identifier":"050553cd-873c-4ba7-ad21-b723295bdc75","OriginalStepIdentifier":"51066de2-bfb8-45e1-8510-8429c6c3f189","ParentWorkflowIdentifier":"bb21c4a5-b74e-485a-a0a6-6304f760a606","ParentStepIdentifiers":["f0ceaa84-7d6e-4b69-ae01-5094d3dce781"],"ParentStepIdentifier":"f0ceaa84-7d6e-4b69-ae01-5094d3dce781","PreviousResultCondition":"{\n  \"f0ceaa84-7d6e-4b69-ae01-5094d3dce781\": \"2\"\n}","InstanceName":"Siemplify_CaseComment_3","IsAutomatic":true,"Name":"Siemplify_Case Comment","IsSkippable":false,"Description":"Escalation was Denied by approval manager ","ActionProvider":"Scripts","ActionName":"Siemplify_Case Comment","Type":0,"Integration":"Siemplify","Parameters":[{"ParentStepIdentifier":"050553cd-873c-4ba7-ad21-b723295bdc75","ParentWorkflowIdentifier":"bb21c4a5-b74e-485a-a0a6-6304f760a606","Name":"FallbackIntegrationInstance","Value":"58a9c67a-d31d-4642-8e39-f423eb0887be","CreationTimeUnixTimeInMs":1624114547977,"ModificationTimeUnixTimeInMs":1624114603835},{"ParentStepIdentifier":"050553cd-873c-4ba7-ad21-b723295bdc75","ParentWorkflowIdentifier":"bb21c4a5-b74e-485a-a0a6-6304f760a606","Name":"IntegrationInstance","Value":"AutomaticEnvironment","CreationTimeUnixTimeInMs":1624114547977,"ModificationTimeUnixTimeInMs":1624114603835},{"ParentStepIdentifier":"050553cd-873c-4ba7-ad21-b723295bdc75","ParentWorkflowIdentifier":"bb21c4a5-b74e-485a-a0a6-6304f760a606","Name":"ScriptName","Value":"Siemplify_Case Comment","CreationTimeUnixTimeInMs":1624114547977,"ModificationTimeUnixTimeInMs":1624114603835},{"ParentStepIdentifier":"050553cd-873c-4ba7-ad21-b723295bdc75","ParentWorkflowIdentifier":"bb21c4a5-b74e-485a-a0a6-6304f760a606","Name":"ScriptParametersEntityFields","Value":"{\"Comment\":\"Escalation was Denied by approval manager [M:ApprovalManagerResponse.JsonResult| \\\"reviewer\\\"]\"}","CreationTimeUnixTimeInMs":1624114547977,"ModificationTimeUnixTimeInMs":1624114603835},{"ParentStepIdentifier":"050553cd-873c-4ba7-ad21-b723295bdc75","ParentWorkflowIdentifier":"bb21c4a5-b74e-485a-a0a6-6304f760a606","Name":"SelectedScopeName","Value":"All entities","CreationTimeUnixTimeInMs":1624114547977,"ModificationTimeUnixTimeInMs":1624114603835}],"AutoSkipOnFailure":false,"IsDebugMockData":false,"StepDebugData":null,"CreationTimeUnixTimeInMs":1624114602435,"ModificationTimeUnixTimeInMs":1624114603835},{"Identifier":"180dc4b0-5589-402b-be80-b267a04a157e","OriginalStepIdentifier":"023a9e6c-216e-48ff-af93-fb2862a3abc8","ParentWorkflowIdentifier":"bb21c4a5-b74e-485a-a0a6-6304f760a606","ParentStepIdentifiers":["27ac572b-fa9f-4ee9-8bd1-e156fa533020"],"ParentStepIdentifier":"27ac572b-fa9f-4ee9-8bd1-e156fa533020","PreviousResultCondition":"{}","InstanceName":"AttachCloseAlertPlaybook","IsAutomatic":true,"Name":"Siemplify_Attach Playbook to Alert","IsSkippable":false,"Description":"Attach a playbook that simply closes the alert, to prevent other alerts being grouped in the case while it's pending approval. \nBecause a different playbook closed the case, the approval manager can re-open the case and resume this playbook at the next action.","ActionProvider":"Scripts","ActionName":"Siemplify_Attach Playbook to Alert","Type":0,"Integration":"Siemplify","Parameters":[{"ParentStepIdentifier":"180dc4b0-5589-402b-be80-b267a04a157e","ParentWorkflowIdentifier":"bb21c4a5-b74e-485a-a0a6-6304f760a606","Name":"FallbackIntegrationInstance","Value":"58a9c67a-d31d-4642-8e39-f423eb0887be","CreationTimeUnixTimeInMs":1624114547977,"ModificationTimeUnixTimeInMs":1624114603835},{"ParentStepIdentifier":"180dc4b0-5589-402b-be80-b267a04a157e","ParentWorkflowIdentifier":"bb21c4a5-b74e-485a-a0a6-6304f760a606","Name":"IntegrationInstance","Value":"AutomaticEnvironment","CreationTimeUnixTimeInMs":1624114547977,"ModificationTimeUnixTimeInMs":1624114603835},{"ParentStepIdentifier":"180dc4b0-5589-402b-be80-b267a04a157e","ParentWorkflowIdentifier":"bb21c4a5-b74e-485a-a0a6-6304f760a606","Name":"ScriptName","Value":"Siemplify_Attach Playbook to Alert","CreationTimeUnixTimeInMs":1624114547977,"ModificationTimeUnixTimeInMs":1624114603835},{"ParentStepIdentifier":"180dc4b0-5589-402b-be80-b267a04a157e","ParentWorkflowIdentifier":"bb21c4a5-b74e-485a-a0a6-6304f760a606","Name":"ScriptParametersEntityFields","Value":"{\"Playbook Name\":\"Close This Alert\"}","CreationTimeUnixTimeInMs":1624114547977,"ModificationTimeUnixTimeInMs":1624114603835},{"ParentStepIdentifier":"180dc4b0-5589-402b-be80-b267a04a157e","ParentWorkflowIdentifier":"bb21c4a5-b74e-485a-a0a6-6304f760a606","Name":"SelectedScopeName","Value":"All entities","CreationTimeUnixTimeInMs":1624114547977,"ModificationTimeUnixTimeInMs":1624114603835}],"AutoSkipOnFailure":false,"IsDebugMockData":false,"StepDebugData":null,"CreationTimeUnixTimeInMs":1624114602435,"ModificationTimeUnixTimeInMs":1624114603835},{"Identifier":"27ac572b-fa9f-4ee9-8bd1-e156fa533020","OriginalStepIdentifier":"e3d76159-cf57-4cbb-b7ef-4c57a460bdcc","ParentWorkflowIdentifier":"bb21c4a5-b74e-485a-a0a6-6304f760a606","ParentStepIdentifiers":["889acf19-e1f5-465e-bac4-d2f5aa5c88fe"],"ParentStepIdentifier":"889acf19-e1f5-465e-bac4-d2f5aa5c88fe","PreviousResultCondition":"{}","InstanceName":"ChangeCaseStage","IsAutomatic":true,"Name":"Siemplify_Change Case Stage","IsSkippable":false,"Description":"Change case stage to \"Pending Approvals\"","ActionProvider":"Scripts","ActionName":"Siemplify_Change Case Stage","Type":0,"Integration":"Siemplify","Parameters":[{"ParentStepIdentifier":"27ac572b-fa9f-4ee9-8bd1-e156fa533020","ParentWorkflowIdentifier":"bb21c4a5-b74e-485a-a0a6-6304f760a606","Name":"FallbackIntegrationInstance","Value":"58a9c67a-d31d-4642-8e39-f423eb0887be","CreationTimeUnixTimeInMs":1624114547977,"ModificationTimeUnixTimeInMs":1624114603835},{"ParentStepIdentifier":"27ac572b-fa9f-4ee9-8bd1-e156fa533020","ParentWorkflowIdentifier":"bb21c4a5-b74e-485a-a0a6-6304f760a606","Name":"IntegrationInstance","Value":"AutomaticEnvironment","CreationTimeUnixTimeInMs":1624114547977,"ModificationTimeUnixTimeInMs":1624114603835},{"ParentStepIdentifier":"27ac572b-fa9f-4ee9-8bd1-e156fa533020","ParentWorkflowIdentifier":"bb21c4a5-b74e-485a-a0a6-6304f760a606","Name":"ScriptName","Value":"Siemplify_Change Case Stage","CreationTimeUnixTimeInMs":1624114547977,"ModificationTimeUnixTimeInMs":1624114603835},{"ParentStepIdentifier":"27ac572b-fa9f-4ee9-8bd1-e156fa533020","ParentWorkflowIdentifier":"bb21c4a5-b74e-485a-a0a6-6304f760a606","Name":"ScriptParametersEntityFields","Value":"{\"Stage\":\"Awaiting Customer\"}","CreationTimeUnixTimeInMs":1624114547977,"ModificationTimeUnixTimeInMs":1624114603835},{"ParentStepIdentifier":"27ac572b-fa9f-4ee9-8bd1-e156fa533020","ParentWorkflowIdentifier":"bb21c4a5-b74e-485a-a0a6-6304f760a606","Name":"SelectedScopeName","Value":"All entities","CreationTimeUnixTimeInMs":1624114547977,"ModificationTimeUnixTimeInMs":1624114603835}],"AutoSkipOnFailure":false,"IsDebugMockData":false,"StepDebugData":null,"CreationTimeUnixTimeInMs":1624114602435,"ModificationTimeUnixTimeInMs":1624114603835},{"Identifier":"31213cbb-dcd5-481c-97ca-7833eb0569b4","OriginalStepIdentifier":"185d13c1-add5-413f-a140-a5d87114c62a","ParentWorkflowIdentifier":"bb21c4a5-b74e-485a-a0a6-6304f760a606","ParentStepIdentifiers":["59adb71a-6f70-4b40-972b-2cadceb5a2d2"],"ParentStepIdentifier":"59adb71a-6f70-4b40-972b-2cadceb5a2d2","PreviousResultCondition":"{}","InstanceName":"MultiChoiceQuestion_1","IsAutomatic":false,"Name":"MultiChoiceQuestion","IsSkippable":false,"Description":"Escalate to customer?\n1. Yes\n2. No","ActionProvider":"Flow","ActionName":"MultiChoiceQuestion","Type":1,"Integration":"Flow","Parameters":[{"ParentStepIdentifier":"31213cbb-dcd5-481c-97ca-7833eb0569b4","ParentWorkflowIdentifier":"bb21c4a5-b74e-485a-a0a6-6304f760a606","Name":"Answer1","Value":"","CreationTimeUnixTimeInMs":1624114547977,"ModificationTimeUnixTimeInMs":1624114603835},{"ParentStepIdentifier":"31213cbb-dcd5-481c-97ca-7833eb0569b4","ParentWorkflowIdentifier":"bb21c4a5-b74e-485a-a0a6-6304f760a606","Name":"Answer2","Value":"","CreationTimeUnixTimeInMs":1624114547977,"ModificationTimeUnixTimeInMs":1624114603835},{"ParentStepIdentifier":"31213cbb-dcd5-481c-97ca-7833eb0569b4","ParentWorkflowIdentifier":"bb21c4a5-b74e-485a-a0a6-6304f760a606","Name":"Answers","Value":"{\"1\":\"Yes\",\"2\":\"No\"}","CreationTimeUnixTimeInMs":1624114547977,"ModificationTimeUnixTimeInMs":1624114603835},{"ParentStepIdentifier":"31213cbb-dcd5-481c-97ca-7833eb0569b4","ParentWorkflowIdentifier":"bb21c4a5-b74e-485a-a0a6-6304f760a606","Name":"Question","Value":"Do you want to escalate this to the customer?","CreationTimeUnixTimeInMs":1624114547977,"ModificationTimeUnixTimeInMs":1624114603835},{"ParentStepIdentifier":"31213cbb-dcd5-481c-97ca-7833eb0569b4","ParentWorkflowIdentifier":"bb21c4a5-b74e-485a-a0a6-6304f760a606","Name":"SelectedScopeName","Value":null,"CreationTimeUnixTimeInMs":1624114547977,"ModificationTimeUnixTimeInMs":1624114603835}],"AutoSkipOnFailure":false,"IsDebugMockData":false,"StepDebugData":null,"CreationTimeUnixTimeInMs":1624114602435,"ModificationTimeUnixTimeInMs":1624114603835},{"Identifier":"50482150-3b25-424c-a80c-65e8da7cce48","OriginalStepIdentifier":"1dcd77a2-50ba-4cb7-ac5d-5685cd5fc6b7","ParentWorkflowIdentifier":"bb21c4a5-b74e-485a-a0a6-6304f760a606","ParentStepIdentifiers":["5bf66611-5ed0-4a14-94b6-84bd7ab365ea"],"ParentStepIdentifier":"5bf66611-5ed0-4a14-94b6-84bd7ab365ea","PreviousResultCondition":"{\n  \"5bf66611-5ed0-4a14-94b6-84bd7ab365ea\": \"2\"\n}","InstanceName":"SendEmail","IsAutomatic":true,"Name":"Siemplify_Case Comment","IsSkippable":false,"Description":"This is a placeholder action: Here, you would send an email.","ActionProvider":"Scripts","ActionName":"Siemplify_Case Comment","Type":0,"Integration":"Siemplify","Parameters":[{"ParentStepIdentifier":"50482150-3b25-424c-a80c-65e8da7cce48","ParentWorkflowIdentifier":"bb21c4a5-b74e-485a-a0a6-6304f760a606","Name":"FallbackIntegrationInstance","Value":"58a9c67a-d31d-4642-8e39-f423eb0887be","CreationTimeUnixTimeInMs":1624114547977,"ModificationTimeUnixTimeInMs":1624114603835},{"ParentStepIdentifier":"50482150-3b25-424c-a80c-65e8da7cce48","ParentWorkflowIdentifier":"bb21c4a5-b74e-485a-a0a6-6304f760a606","Name":"IntegrationInstance","Value":"AutomaticEnvironment","CreationTimeUnixTimeInMs":1624114547977,"ModificationTimeUnixTimeInMs":1624114603835},{"ParentStepIdentifier":"50482150-3b25-424c-a80c-65e8da7cce48","ParentWorkflowIdentifier":"bb21c4a5-b74e-485a-a0a6-6304f760a606","Name":"ScriptName","Value":"Siemplify_Case Comment","CreationTimeUnixTimeInMs":1624114547977,"ModificationTimeUnixTimeInMs":1624114603835},{"ParentStepIdentifier":"50482150-3b25-424c-a80c-65e8da7cce48","ParentWorkflowIdentifier":"bb21c4a5-b74e-485a-a0a6-6304f760a606","Name":"ScriptParametersEntityFields","Value":"{\"Comment\":\"This is a placeholder action: Here, you would send an email.\"}","CreationTimeUnixTimeInMs":1624114547977,"ModificationTimeUnixTimeInMs":1624114603835},{"ParentStepIdentifier":"50482150-3b25-424c-a80c-65e8da7cce48","ParentWorkflowIdentifier":"bb21c4a5-b74e-485a-a0a6-6304f760a606","Name":"SelectedScopeName","Value":"All entities","CreationTimeUnixTimeInMs":1624114547977,"ModificationTimeUnixTimeInMs":1624114603835}],"AutoSkipOnFailure":false,"IsDebugMockData":false,"StepDebugData":{"CreationTimeUnixTimeInMs":0,"ModificationTimeUnixTimeInMs":0,"OriginalWorkflowIdentifier":"d77b5ced-3046-408f-8412-5e1bf0ec90a9","OriginalStepIdentifier":"1dcd77a2-50ba-4cb7-ac5d-5685cd5fc6b7","ResultValue":"","ResultJson":"","ScopeEntitiesEnrichmentData":[],"ScopeEntitiesEnrichmentDataJson":"[]"},"CreationTimeUnixTimeInMs":1624114602435,"ModificationTimeUnixTimeInMs":1624114603835},{"Identifier":"59adb71a-6f70-4b40-972b-2cadceb5a2d2","OriginalStepIdentifier":"3dbc4618-6867-450c-ba43-9c93e834bd2e","ParentWorkflowIdentifier":"bb21c4a5-b74e-485a-a0a6-6304f760a606","ParentStepIdentifiers":[],"ParentStepIdentifier":"","PreviousResultCondition":null,"InstanceName":"M:WorkflowTools_AssignCasetoCurrentUser_1","IsAutomatic":false,"Name":"Workflow Tools_Assign Case to Current User","IsSkippable":false,"Description":"A manual action that when executed, will assign the case to whoever executed the playbook action. Designed to be placed at the start of a playbook, and executed when an analyst starts working on the case.","ActionProvider":"Scripts","ActionName":"Workflow Tools_Assign Case to Current User","Type":0,"Integration":"Workflow Tools","Parameters":[{"ParentStepIdentifier":"59adb71a-6f70-4b40-972b-2cadceb5a2d2","ParentWorkflowIdentifier":"bb21c4a5-b74e-485a-a0a6-6304f760a606","Name":"FallbackIntegrationInstance","Value":"36fd3bcf-b2a2-4214-b135-41ebb78a0db2","CreationTimeUnixTimeInMs":1624114547977,"ModificationTimeUnixTimeInMs":1624114603835},{"ParentStepIdentifier":"59adb71a-6f70-4b40-972b-2cadceb5a2d2","ParentWorkflowIdentifier":"bb21c4a5-b74e-485a-a0a6-6304f760a606","Name":"IntegrationInstance","Value":"AutomaticEnvironment","CreationTimeUnixTimeInMs":1624114547977,"ModificationTimeUnixTimeInMs":1624114603835},{"ParentStepIdentifier":"59adb71a-6f70-4b40-972b-2cadceb5a2d2","ParentWorkflowIdentifier":"bb21c4a5-b74e-485a-a0a6-6304f760a606","Name":"ScriptName","Value":"Workflow Tools_Assign Case to Current User","CreationTimeUnixTimeInMs":1624114547977,"ModificationTimeUnixTimeInMs":1624114603835},{"ParentStepIdentifier":"59adb71a-6f70-4b40-972b-2cadceb5a2d2","ParentWorkflowIdentifier":"bb21c4a5-b74e-485a-a0a6-6304f760a606","Name":"ScriptParametersEntityFields","Value":"{}","CreationTimeUnixTimeInMs":1624114547977,"ModificationTimeUnixTimeInMs":1624114603835},{"ParentStepIdentifier":"59adb71a-6f70-4b40-972b-2cadceb5a2d2","ParentWorkflowIdentifier":"bb21c4a5-b74e-485a-a0a6-6304f760a606","Name":"SelectedScopeName","Value":"All entities","CreationTimeUnixTimeInMs":1624114547977,"ModificationTimeUnixTimeInMs":1624114603835}],"AutoSkipOnFailure":false,"IsDebugMockData":false,"StepDebugData":{"CreationTimeUnixTimeInMs":0,"ModificationTimeUnixTimeInMs":0,"OriginalWorkflowIdentifier":"d77b5ced-3046-408f-8412-5e1bf0ec90a9","OriginalStepIdentifier":"3dbc4618-6867-450c-ba43-9c93e834bd2e","ResultValue":"","ResultJson":"","ScopeEntitiesEnrichmentData":[],"ScopeEntitiesEnrichmentDataJson":"[]"},"CreationTimeUnixTimeInMs":1624114602435,"ModificationTimeUnixTimeInMs":1624114603835},{"Identifier":"5bf66611-5ed0-4a14-94b6-84bd7ab365ea","OriginalStepIdentifier":"1eeda2b0-cf3b-4004-9c88-da7f5e38b54d","ParentWorkflowIdentifier":"bb21c4a5-b74e-485a-a0a6-6304f760a606","ParentStepIdentifiers":["c22e9dd4-d7dc-49aa-ac8b-17d2b6bd9b62"],"ParentStepIdentifier":"c22e9dd4-d7dc-49aa-ac8b-17d2b6bd9b62","PreviousResultCondition":"{}","InstanceName":"CheckCasePriority","IsAutomatic":true,"Name":"Condition","IsSkippable":false,"Description":"1. Alert Priority is critical\nElse: Alert Priority is NOT critical","ActionProvider":"Flow","ActionName":"IfFlowCondition","Type":4,"Integration":"Flow","Parameters":[{"ParentStepIdentifier":"5bf66611-5ed0-4a14-94b6-84bd7ab365ea","ParentWorkflowIdentifier":"bb21c4a5-b74e-485a-a0a6-6304f760a606","Name":"Branches","Value":"[{\"LogicalOperator\":0,\"Conditions\":[{\"Operator\":0,\"FieldName\":\"[Alert.Priority]\",\"Type\":2,\"Value\":\"Critical\"}],\"Order\":1,\"IsDefaultBranch\":false,\"Name\":\"Branch\"},{\"LogicalOperator\":0,\"Conditions\":[],\"Order\":2,\"IsDefaultBranch\":true,\"Name\":null}]","CreationTimeUnixTimeInMs":1624114547977,"ModificationTimeUnixTimeInMs":1624114603835},{"ParentStepIdentifier":"5bf66611-5ed0-4a14-94b6-84bd7ab365ea","ParentWorkflowIdentifier":"bb21c4a5-b74e-485a-a0a6-6304f760a606","Name":"ErrorFallbackBranch","Value":null,"CreationTimeUnixTimeInMs":1624114547977,"ModificationTimeUnixTimeInMs":1624114603835},{"ParentStepIdentifier":"5bf66611-5ed0-4a14-94b6-84bd7ab365ea","ParentWorkflowIdentifier":"bb21c4a5-b74e-485a-a0a6-6304f760a606","Name":"SelectedScopeName","Value":"All entities","CreationTimeUnixTimeInMs":1624114547977,"ModificationTimeUnixTimeInMs":1624114603835}],"AutoSkipOnFailure":false,"IsDebugMockData":false,"StepDebugData":null,"CreationTimeUnixTimeInMs":1624114602435,"ModificationTimeUnixTimeInMs":1624114603835},{"Identifier":"889acf19-e1f5-465e-bac4-d2f5aa5c88fe","OriginalStepIdentifier":"0fb3eadf-2a4c-46be-a6c7-fcf9afa3d621","ParentWorkflowIdentifier":"bb21c4a5-b74e-485a-a0a6-6304f760a606","ParentStepIdentifiers":["bd10a1e2-0642-473f-b4fa-624ae19cf19c"],"ParentStepIdentifier":"bd10a1e2-0642-473f-b4fa-624ae19cf19c","PreviousResultCondition":"{}","InstanceName":"AddCaseTag","IsAutomatic":true,"Name":"Siemplify_Case Tag","IsSkippable":false,"Description":"Add case tag \"pending_approval\"","ActionProvider":"Scripts","ActionName":"Siemplify_Case Tag","Type":0,"Integration":"Siemplify","Parameters":[{"ParentStepIdentifier":"889acf19-e1f5-465e-bac4-d2f5aa5c88fe","ParentWorkflowIdentifier":"bb21c4a5-b74e-485a-a0a6-6304f760a606","Name":"FallbackIntegrationInstance","Value":"58a9c67a-d31d-4642-8e39-f423eb0887be","CreationTimeUnixTimeInMs":1624114547977,"ModificationTimeUnixTimeInMs":1624114603835},{"ParentStepIdentifier":"889acf19-e1f5-465e-bac4-d2f5aa5c88fe","ParentWorkflowIdentifier":"bb21c4a5-b74e-485a-a0a6-6304f760a606","Name":"IntegrationInstance","Value":"AutomaticEnvironment","CreationTimeUnixTimeInMs":1624114547977,"ModificationTimeUnixTimeInMs":1624114603835},{"ParentStepIdentifier":"889acf19-e1f5-465e-bac4-d2f5aa5c88fe","ParentWorkflowIdentifier":"bb21c4a5-b74e-485a-a0a6-6304f760a606","Name":"ScriptName","Value":"Siemplify_Case Tag","CreationTimeUnixTimeInMs":1624114547977,"ModificationTimeUnixTimeInMs":1624114603835},{"ParentStepIdentifier":"889acf19-e1f5-465e-bac4-d2f5aa5c88fe","ParentWorkflowIdentifier":"bb21c4a5-b74e-485a-a0a6-6304f760a606","Name":"ScriptParametersEntityFields","Value":"{\"Tag\":\"pending_approval\"}","CreationTimeUnixTimeInMs":1624114547977,"ModificationTimeUnixTimeInMs":1624114603835},{"ParentStepIdentifier":"889acf19-e1f5-465e-bac4-d2f5aa5c88fe","ParentWorkflowIdentifier":"bb21c4a5-b74e-485a-a0a6-6304f760a606","Name":"SelectedScopeName","Value":"All entities","CreationTimeUnixTimeInMs":1624114547977,"ModificationTimeUnixTimeInMs":1624114603835}],"AutoSkipOnFailure":false,"IsDebugMockData":false,"StepDebugData":null,"CreationTimeUnixTimeInMs":1624114602435,"ModificationTimeUnixTimeInMs":1624114603835},{"Identifier":"8a8c9297-6461-46ad-a392-49ec5fb63774","OriginalStepIdentifier":"22dca0e3-f932-4c3c-8b0a-ec2a16c34b17","ParentWorkflowIdentifier":"bb21c4a5-b74e-485a-a0a6-6304f760a606","ParentStepIdentifiers":["31213cbb-dcd5-481c-97ca-7833eb0569b4"],"ParentStepIdentifier":"31213cbb-dcd5-481c-97ca-7833eb0569b4","PreviousResultCondition":"{\n  \"31213cbb-dcd5-481c-97ca-7833eb0569b4\": \"2\"\n}","InstanceName":"Siemplify_CloseAlert_1","IsAutomatic":true,"Name":"Siemplify_Close Alert","IsSkippable":false,"Description":"Closes the current alert","ActionProvider":"Scripts","ActionName":"Siemplify_Close Alert","Type":0,"Integration":"Siemplify","Parameters":[{"ParentStepIdentifier":"8a8c9297-6461-46ad-a392-49ec5fb63774","ParentWorkflowIdentifier":"bb21c4a5-b74e-485a-a0a6-6304f760a606","Name":"FallbackIntegrationInstance","Value":"58a9c67a-d31d-4642-8e39-f423eb0887be","CreationTimeUnixTimeInMs":1624114547977,"ModificationTimeUnixTimeInMs":1624114603835},{"ParentStepIdentifier":"8a8c9297-6461-46ad-a392-49ec5fb63774","ParentWorkflowIdentifier":"bb21c4a5-b74e-485a-a0a6-6304f760a606","Name":"IntegrationInstance","Value":"AutomaticEnvironment","CreationTimeUnixTimeInMs":1624114547977,"ModificationTimeUnixTimeInMs":1624114603835},{"ParentStepIdentifier":"8a8c9297-6461-46ad-a392-49ec5fb63774","ParentWorkflowIdentifier":"bb21c4a5-b74e-485a-a0a6-6304f760a606","Name":"ScriptName","Value":"Siemplify_Close Alert","CreationTimeUnixTimeInMs":1624114547977,"ModificationTimeUnixTimeInMs":1624114603835},{"ParentStepIdentifier":"8a8c9297-6461-46ad-a392-49ec5fb63774","ParentWorkflowIdentifier":"bb21c4a5-b74e-485a-a0a6-6304f760a606","Name":"ScriptParametersEntityFields","Value":"{\"Reason\":\"NotMalicious\",\"Root Cause\":\"Other\",\"Comment\":\"Closing, chose to not escalate to the customer\",\"Assign To User\":\"\",\"Tags\":\"\"}","CreationTimeUnixTimeInMs":1624114547977,"ModificationTimeUnixTimeInMs":1624114603835},{"ParentStepIdentifier":"8a8c9297-6461-46ad-a392-49ec5fb63774","ParentWorkflowIdentifier":"bb21c4a5-b74e-485a-a0a6-6304f760a606","Name":"SelectedScopeName","Value":"All entities","CreationTimeUnixTimeInMs":1624114547977,"ModificationTimeUnixTimeInMs":1624114603835}],"AutoSkipOnFailure":false,"IsDebugMockData":false,"StepDebugData":{"CreationTimeUnixTimeInMs":0,"ModificationTimeUnixTimeInMs":0,"OriginalWorkflowIdentifier":"d77b5ced-3046-408f-8412-5e1bf0ec90a9","OriginalStepIdentifier":"22dca0e3-f932-4c3c-8b0a-ec2a16c34b17","ResultValue":"","ResultJson":"","ScopeEntitiesEnrichmentData":[],"ScopeEntitiesEnrichmentDataJson":"[]"},"CreationTimeUnixTimeInMs":1624114602435,"ModificationTimeUnixTimeInMs":1624114603835},{"Identifier":"8ea9b95c-6831-434d-a666-43508038f9e6","OriginalStepIdentifier":"242444f2-1a38-43c2-94d6-8d276057899a","ParentWorkflowIdentifier":"bb21c4a5-b74e-485a-a0a6-6304f760a606","ParentStepIdentifiers":["f0ceaa84-7d6e-4b69-ae01-5094d3dce781"],"ParentStepIdentifier":"f0ceaa84-7d6e-4b69-ae01-5094d3dce781","PreviousResultCondition":"{\n  \"f0ceaa84-7d6e-4b69-ae01-5094d3dce781\": \"1\"\n}","InstanceName":"Siemplify_CaseComment_2","IsAutomatic":true,"Name":"Siemplify_Case Comment","IsSkippable":false,"Description":"Escalation was Approved by approval manager","ActionProvider":"Scripts","ActionName":"Siemplify_Case Comment","Type":0,"Integration":"Siemplify","Parameters":[{"ParentStepIdentifier":"8ea9b95c-6831-434d-a666-43508038f9e6","ParentWorkflowIdentifier":"bb21c4a5-b74e-485a-a0a6-6304f760a606","Name":"FallbackIntegrationInstance","Value":"58a9c67a-d31d-4642-8e39-f423eb0887be","CreationTimeUnixTimeInMs":1624114547977,"ModificationTimeUnixTimeInMs":1624114603835},{"ParentStepIdentifier":"8ea9b95c-6831-434d-a666-43508038f9e6","ParentWorkflowIdentifier":"bb21c4a5-b74e-485a-a0a6-6304f760a606","Name":"IntegrationInstance","Value":"AutomaticEnvironment","CreationTimeUnixTimeInMs":1624114547977,"ModificationTimeUnixTimeInMs":1624114603835},{"ParentStepIdentifier":"8ea9b95c-6831-434d-a666-43508038f9e6","ParentWorkflowIdentifier":"bb21c4a5-b74e-485a-a0a6-6304f760a606","Name":"ScriptName","Value":"Siemplify_Case Comment","CreationTimeUnixTimeInMs":1624114547977,"ModificationTimeUnixTimeInMs":1624114603835},{"ParentStepIdentifier":"8ea9b95c-6831-434d-a666-43508038f9e6","ParentWorkflowIdentifier":"bb21c4a5-b74e-485a-a0a6-6304f760a606","Name":"ScriptParametersEntityFields","Value":"{\"Comment\":\"Escalation was Approved by approval manager [M:ApprovalManagerResponse.JsonResult| \\\"reviewer\\\"]\"}","CreationTimeUnixTimeInMs":1624114547977,"ModificationTimeUnixTimeInMs":1624114603835},{"ParentStepIdentifier":"8ea9b95c-6831-434d-a666-43508038f9e6","ParentWorkflowIdentifier":"bb21c4a5-b74e-485a-a0a6-6304f760a606","Name":"SelectedScopeName","Value":"All entities","CreationTimeUnixTimeInMs":1624114547977,"ModificationTimeUnixTimeInMs":1624114603835}],"AutoSkipOnFailure":false,"IsDebugMockData":false,"StepDebugData":null,"CreationTimeUnixTimeInMs":1624114602435,"ModificationTimeUnixTimeInMs":1624114603835},{"Identifier":"a119d63f-e9ac-4d7c-a15c-143f650865af","OriginalStepIdentifier":"7d7d15ba-f78a-4ba0-9e60-4db1f0d68f41","ParentWorkflowIdentifier":"bb21c4a5-b74e-485a-a0a6-6304f760a606","ParentStepIdentifiers":["180dc4b0-5589-402b-be80-b267a04a157e"],"ParentStepIdentifier":"180dc4b0-5589-402b-be80-b267a04a157e","PreviousResultCondition":"{}","InstanceName":"M:ApprovalManagerResponse","IsAutomatic":false,"Name":"Workflow Tools_Approval Response","IsSkippable":false,"Description":"MANUAL: Allow a user to respond to an approval request, and allow or deny the request.","ActionProvider":"Scripts","ActionName":"Workflow Tools_Approval Response","Type":0,"Integration":"Workflow Tools","Parameters":[{"ParentStepIdentifier":"a119d63f-e9ac-4d7c-a15c-143f650865af","ParentWorkflowIdentifier":"bb21c4a5-b74e-485a-a0a6-6304f760a606","Name":"FallbackIntegrationInstance","Value":"36fd3bcf-b2a2-4214-b135-41ebb78a0db2","CreationTimeUnixTimeInMs":1624114547977,"ModificationTimeUnixTimeInMs":1624114603835},{"ParentStepIdentifier":"a119d63f-e9ac-4d7c-a15c-143f650865af","ParentWorkflowIdentifier":"bb21c4a5-b74e-485a-a0a6-6304f760a606","Name":"IntegrationInstance","Value":"AutomaticEnvironment","CreationTimeUnixTimeInMs":1624114547977,"ModificationTimeUnixTimeInMs":1624114603835},{"ParentStepIdentifier":"a119d63f-e9ac-4d7c-a15c-143f650865af","ParentWorkflowIdentifier":"bb21c4a5-b74e-485a-a0a6-6304f760a606","Name":"ScriptName","Value":"Workflow Tools_Approval Response","CreationTimeUnixTimeInMs":1624114547977,"ModificationTimeUnixTimeInMs":1624114603835},{"ParentStepIdentifier":"a119d63f-e9ac-4d7c-a15c-143f650865af","ParentWorkflowIdentifier":"bb21c4a5-b74e-485a-a0a6-6304f760a606","Name":"ScriptParametersEntityFields","Value":"{\"Response Comments\":\"\"}","CreationTimeUnixTimeInMs":1624114547977,"ModificationTimeUnixTimeInMs":1624114603835},{"ParentStepIdentifier":"a119d63f-e9ac-4d7c-a15c-143f650865af","ParentWorkflowIdentifier":"bb21c4a5-b74e-485a-a0a6-6304f760a606","Name":"SelectedScopeName","Value":"All entities","CreationTimeUnixTimeInMs":1624114547977,"ModificationTimeUnixTimeInMs":1624114603835}],"AutoSkipOnFailure":false,"IsDebugMockData":false,"StepDebugData":null,"CreationTimeUnixTimeInMs":1624114602435,"ModificationTimeUnixTimeInMs":1624114603835},{"Identifier":"bd10a1e2-0642-473f-b4fa-624ae19cf19c","OriginalStepIdentifier":"86dbffee-5cba-43f1-a7f1-fc8cd60bd9b5","ParentWorkflowIdentifier":"bb21c4a5-b74e-485a-a0a6-6304f760a606","ParentStepIdentifiers":["5bf66611-5ed0-4a14-94b6-84bd7ab365ea"],"ParentStepIdentifier":"5bf66611-5ed0-4a14-94b6-84bd7ab365ea","PreviousResultCondition":"{\n  \"5bf66611-5ed0-4a14-94b6-84bd7ab365ea\": \"1\"\n}","InstanceName":"ApprovalRequest","IsAutomatic":true,"Name":"Workflow Tools_Approval Request","IsSkippable":false,"Description":"Requires approval from a reviewer before continuing","ActionProvider":"Scripts","ActionName":"Workflow Tools_Approval Request","Type":0,"Integration":"Workflow Tools","Parameters":[{"ParentStepIdentifier":"bd10a1e2-0642-473f-b4fa-624ae19cf19c","ParentWorkflowIdentifier":"bb21c4a5-b74e-485a-a0a6-6304f760a606","Name":"FallbackIntegrationInstance","Value":"36fd3bcf-b2a2-4214-b135-41ebb78a0db2","CreationTimeUnixTimeInMs":1624114547977,"ModificationTimeUnixTimeInMs":1624114603835},{"ParentStepIdentifier":"bd10a1e2-0642-473f-b4fa-624ae19cf19c","ParentWorkflowIdentifier":"bb21c4a5-b74e-485a-a0a6-6304f760a606","Name":"IntegrationInstance","Value":"AutomaticEnvironment","CreationTimeUnixTimeInMs":1624114547977,"ModificationTimeUnixTimeInMs":1624114603835},{"ParentStepIdentifier":"bd10a1e2-0642-473f-b4fa-624ae19cf19c","ParentWorkflowIdentifier":"bb21c4a5-b74e-485a-a0a6-6304f760a606","Name":"ScriptName","Value":"Workflow Tools_Approval Request","CreationTimeUnixTimeInMs":1624114547977,"ModificationTimeUnixTimeInMs":1624114603835},{"ParentStepIdentifier":"bd10a1e2-0642-473f-b4fa-624ae19cf19c","ParentWorkflowIdentifier":"bb21c4a5-b74e-485a-a0a6-6304f760a606","Name":"ScriptParametersEntityFields","Value":"{\"Escalation Priority\":\"dsfg\",\"Approval Manager\":\"@Administrator\",\"Move Alert If Grouped\":true,\"Send Slack Message\":false}","CreationTimeUnixTimeInMs":1624114547977,"ModificationTimeUnixTimeInMs":1624114603835},{"ParentStepIdentifier":"bd10a1e2-0642-473f-b4fa-624ae19cf19c","ParentWorkflowIdentifier":"bb21c4a5-b74e-485a-a0a6-6304f760a606","Name":"SelectedScopeName","Value":"All entities","CreationTimeUnixTimeInMs":1624114547977,"ModificationTimeUnixTimeInMs":1624114603835}],"AutoSkipOnFailure":false,"IsDebugMockData":false,"StepDebugData":null,"CreationTimeUnixTimeInMs":1624114602435,"ModificationTimeUnixTimeInMs":1624114603835},{"Identifier":"c22e9dd4-d7dc-49aa-ac8b-17d2b6bd9b62","OriginalStepIdentifier":"ff270036-2784-41dc-a35e-f175a6ee94ec","ParentWorkflowIdentifier":"bb21c4a5-b74e-485a-a0a6-6304f760a606","ParentStepIdentifiers":["31213cbb-dcd5-481c-97ca-7833eb0569b4"],"ParentStepIdentifier":"31213cbb-dcd5-481c-97ca-7833eb0569b4","PreviousResultCondition":"{\n  \"31213cbb-dcd5-481c-97ca-7833eb0569b4\": \"1\"\n}","InstanceName":"M:GeneralQuestion_1","IsAutomatic":false,"Name":"GeneralQuestion","IsSkippable":false,"Description":"Please enter your escalation message for the customer","ActionProvider":"Flow","ActionName":"GeneralQuestion","Type":0,"Integration":"Flow","Parameters":[{"ParentStepIdentifier":"c22e9dd4-d7dc-49aa-ac8b-17d2b6bd9b62","ParentWorkflowIdentifier":"bb21c4a5-b74e-485a-a0a6-6304f760a606","Name":"Question","Value":"Please enter your escalation message for the customer","CreationTimeUnixTimeInMs":1624114547977,"ModificationTimeUnixTimeInMs":1624114603835},{"ParentStepIdentifier":"c22e9dd4-d7dc-49aa-ac8b-17d2b6bd9b62","ParentWorkflowIdentifier":"bb21c4a5-b74e-485a-a0a6-6304f760a606","Name":"SelectedScopeName","Value":null,"CreationTimeUnixTimeInMs":1624114547977,"ModificationTimeUnixTimeInMs":1624114603835}],"AutoSkipOnFailure":false,"IsDebugMockData":false,"StepDebugData":null,"CreationTimeUnixTimeInMs":1624114602435,"ModificationTimeUnixTimeInMs":1624114603835},{"Identifier":"f0ceaa84-7d6e-4b69-ae01-5094d3dce781","OriginalStepIdentifier":"18d0357c-1332-4524-9f16-38f3b7f72e4d","ParentWorkflowIdentifier":"bb21c4a5-b74e-485a-a0a6-6304f760a606","ParentStepIdentifiers":["a119d63f-e9ac-4d7c-a15c-143f650865af"],"ParentStepIdentifier":"a119d63f-e9ac-4d7c-a15c-143f650865af","PreviousResultCondition":"{}","InstanceName":"CheckApproval","IsAutomatic":true,"Name":"Condition","IsSkippable":false,"Description":"1. Action was Approved\nElse: Action was Denied","ActionProvider":"Flow","ActionName":"IfFlowCondition","Type":4,"Integration":"Flow","Parameters":[{"ParentStepIdentifier":"f0ceaa84-7d6e-4b69-ae01-5094d3dce781","ParentWorkflowIdentifier":"bb21c4a5-b74e-485a-a0a6-6304f760a606","Name":"Branches","Value":"[{\"LogicalOperator\":0,\"Conditions\":[{\"Operator\":0,\"FieldName\":\"[M:ApprovalManagerResponse.ApprovalResult]\",\"Type\":2,\"Value\":\"True\"}],\"Order\":1,\"IsDefaultBranch\":false,\"Name\":\"Branch\"},{\"LogicalOperator\":0,\"Conditions\":[],\"Order\":2,\"IsDefaultBranch\":true,\"Name\":null}]","CreationTimeUnixTimeInMs":1624114547977,"ModificationTimeUnixTimeInMs":1624114603835},{"ParentStepIdentifier":"f0ceaa84-7d6e-4b69-ae01-5094d3dce781","ParentWorkflowIdentifier":"bb21c4a5-b74e-485a-a0a6-6304f760a606","Name":"ErrorFallbackBranch","Value":null,"CreationTimeUnixTimeInMs":1624114547977,"ModificationTimeUnixTimeInMs":1624114603835},{"ParentStepIdentifier":"f0ceaa84-7d6e-4b69-ae01-5094d3dce781","ParentWorkflowIdentifier":"bb21c4a5-b74e-485a-a0a6-6304f760a606","Name":"SelectedScopeName","Value":"All entities","CreationTimeUnixTimeInMs":1624114547977,"ModificationTimeUnixTimeInMs":1624114603835}],"AutoSkipOnFailure":false,"IsDebugMockData":false,"StepDebugData":null,"CreationTimeUnixTimeInMs":1624114602435,"ModificationTimeUnixTimeInMs":1624114603835}],"Triggers":[{"Identifier":"dccf8962-42e8-4f58-89bd-ec2e524cc1a4","IsEnabled":true,"DefinitionIdentifier":"bb21c4a5-b74e-485a-a0a6-6304f760a606","Type":10,"WorkflowName":null,"LogicalOperator":0,"Conditions":[{"FieldName":"manual","Value":"true","MatchType":0}],"Environments":["*"],"Id":0,"CreationTimeUnixTimeInMs":1624114602435,"ModificationTimeUnixTimeInMs":1624114603835}],"Environments":["*"],"Id":0,"CreationTimeUnixTimeInMs":1624092507701,"ModificationTimeUnixTimeInMs":1624114603835}}